{"count":1,"self":5.998284,"total":37.717175,"children":{"InitializeActuators":{"count":10,"self":0.0030131999999999997,"total":0.0030131999999999997,"children":null},"InitializeSensors":{"count":10,"self":0.0065455,"total":0.0065455,"children":null},"AgentSendState":{"count":4184,"self":0.37774779999999997,"total":1.2101943,"children":{"CollectObservations":{"count":8370,"self":0.075942799999999991,"total":0.075942799999999991,"children":null},"WriteActionMask":{"count":8370,"self":0.007535,"total":0.007535,"children":null},"RequestDecision":{"count":8370,"self":0.051315599999999996,"total":0.74896869999999993,"children":{"AgentInfo.ToProto":{"count":8370,"self":0.0271199,"total":0.69765309999999991,"children":{"GenerateSensorData":{"count":8370,"self":0.6243284,"total":0.67053319999999994,"children":{"RayPerceptionSensor.Perceive":{"count":16740,"self":0.0462048,"total":0.0462048,"children":null}}}}}}}}},"DecideAction":{"count":4184,"self":30.297993599999998,"total":30.2979921,"children":null},"AgentAct":{"count":4184,"self":0.2006346,"total":0.2006346,"children":null}},"gauges":{},"metadata":{"timer_format_version":"0.1.0","start_time_seconds":"1750321782","unity_version":"6000.1.0f1","command_line_arguments":"C:\\Program Files\\Unity\\Hub\\Editor\\6000.1.0f1\\Editor\\Unity.exe -projectpath D:\\GitHub\\Board-Party -useHub -hubIPC -cloudEnvironment production","communication_protocol_version":"1.5.0","com.unity.ml-agents_version":"3.0.0","scene_name":"StrikersVsGoalie","end_time_seconds":"1750321820"}}